"exerciseId","module","scenarioId","name","memberId","assessmentDate","expectedStatus","expectedOutput","expectedIssueCodes","sourcePath","sourceKind","explanation"
"readiness-members","readiness","ready","Ahmed complete record","M001","2026-10-06","READY_FOR_REVIEW","{}","","/demo-source/members/{memberId}","stored-members","Ahmed complete record"
"readiness-members","readiness","conflict","Salim conflicting joining dates","M002","2026-10-06","NEEDS_VERIFICATION","{}","","/demo-source/members/{memberId}","stored-members","Salim conflicting joining dates"
"readiness-members","readiness","missing","Maryam missing confirmation","M003","2026-10-06","NEEDS_VERIFICATION","{}","","/demo-source/members/{memberId}","stored-members","Maryam missing confirmation"
"readiness-members","readiness","unavailable","Khalid source unavailable","M004","2026-10-06","UNABLE_TO_EVALUATE","{}","SOURCE_HTTP_ERROR","/demo-source/members/{memberId}","stored-members","Khalid source unavailable"
"payment-members","payment","clear","Approved amount matches","M001","2026-10-06","CLEAR","{""differenceBaisa"":0}","","/demo-source/members/{memberId}","stored-members","Approved amount matches"
"payment-members","payment","difference","OMR 950 proposed, OMR 650 approved","M005","2026-10-06","FINDING","{""differenceBaisa"":300000}","","/demo-source/members/{memberId}","stored-members","OMR 950 proposed, OMR 650 approved"
"payment-members","payment","adjustment","Authorized adjustment reconciles","M006","2026-10-06","CLEAR","{""differenceBaisa"":0}","","/demo-source/members/{memberId}","stored-members","Authorized adjustment reconciles"
"payment-members","payment","outage","Unavailable employer source","M004","2026-10-06","UNABLE_TO_EVALUATE","{}","SOURCE_HTTP_ERROR","/demo-source/members/{memberId}","stored-members","Source HTTP 503 must remain an evidence failure, never a business pass."
"contribution-members","contribution","clear","Matching receipt","M001","2026-10-06","CLEAR","{""differenceBaisa"":0}","","/demo-source/members/{memberId}","stored-members","Matching receipt"
"contribution-members","contribution","gap","Unmatched contribution","M007","2026-10-06","FINDING","{""differenceBaisa"":30000}","","/demo-source/members/{memberId}","stored-members","Unmatched contribution"
"contribution-members","contribution","second-clear","Second matching receipt","M008","2026-10-06","CLEAR","{""differenceBaisa"":0}","","/demo-source/members/{memberId}","stored-members","Second matching receipt"
"contribution-members","contribution","outage","Unavailable employer source","M004","2026-10-06","UNABLE_TO_EVALUATE","{}","SOURCE_HTTP_ERROR","/demo-source/members/{memberId}","stored-members","Source HTTP 503 must remain an evidence failure, never a business pass."
"service-members","service","clear","Verified continuous service","M001","2026-10-06","CLEAR","{}","","/demo-source/members/{memberId}","stored-members","Verified continuous service"
"service-members","service","overlap","Overlapping service","M009","2026-10-06","FINDING","{}","","/demo-source/members/{memberId}","stored-members","Overlapping service"
"service-members","service","unverified","Unverified service","M010","2026-10-06","FINDING","{}","","/demo-source/members/{memberId}","stored-members","Unverified service"
"service-members","service","outage","Unavailable employer source","M004","2026-10-06","UNABLE_TO_EVALUATE","{}","SOURCE_HTTP_ERROR","/demo-source/members/{memberId}","stored-members","Source HTTP 503 must remain an evidence failure, never a business pass."
"payment-routing","payment","large","OMR 300 unexplained difference","M001","2026-10-06","FINDING","{""differenceBaisa"":300000,""route"":""SENIOR_REVIEW"",""requiresSeniorReview"":true}","","/demo-source/exercises/payment-routing/{memberId}","isolated-fixture","300,000 baisa follows senior review."
"payment-routing","payment","at-senior","Exactly OMR 100","M002","2026-10-06","FINDING","{""differenceBaisa"":100000,""route"":""SENIOR_REVIEW"",""requiresSeniorReview"":true}","","/demo-source/exercises/payment-routing/{memberId}","isolated-fixture","Inclusive senior boundary."
"payment-routing","payment","below-senior","One baisa below OMR 100","M003","2026-10-06","FINDING","{""differenceBaisa"":99999,""route"":""OFFICER_REVIEW"",""requiresSeniorReview"":false}","","/demo-source/exercises/payment-routing/{memberId}","isolated-fixture","99,999 baisa follows officer review."
"payment-routing","payment","at-tolerance","Exactly 100-baisa tolerance","M004","2026-10-06","CLEAR","{""differenceBaisa"":100,""route"":""RECONCILED""}","","/demo-source/exercises/payment-routing/{memberId}","isolated-fixture","At the tolerance is reconciled."
"payment-routing","payment","over-tolerance","One baisa over tolerance","M005","2026-10-06","FINDING","{""differenceBaisa"":101,""route"":""OFFICER_REVIEW""}","","/demo-source/exercises/payment-routing/{memberId}","isolated-fixture","101 exceeds the 100-baisa tolerance."
"payment-routing","payment","adjusted","Authorized adjustment","M006","2026-10-06","CLEAR","{""differenceBaisa"":0,""route"":""RECONCILED""}","","/demo-source/exercises/payment-routing/{memberId}","isolated-fixture","700,000 − 650,000 − 50,000 = 0."
"payment-routing","payment","negative-difference","Proposed below approved","M007","2026-10-06","FINDING","{""differenceBaisa"":-100000,""route"":""SENIOR_REVIEW""}","","/demo-source/exercises/payment-routing/{memberId}","isolated-fixture","Absolute difference routes a shortfall too."
"payment-routing","payment","negative-tolerance","Invalid negative tolerance","M008","2026-10-06","UNABLE_TO_EVALUATE","{""route"":""SOURCE_CORRECTION""}","","/demo-source/exercises/payment-routing/{memberId}","isolated-fixture","Bad financial input cannot be treated as a confirmed discrepancy."
"payment-routing","payment","missing-approval","Missing approved amount","M009","2026-10-06","UNABLE_TO_EVALUATE","{}","MISSING_REQUIRED_FIELD","/demo-source/exercises/payment-routing/{memberId}","isolated-fixture","Required mapping stops execution."
"payment-routing","payment","fractional-baisa","Fractional baisa","M010","2026-10-06","UNABLE_TO_EVALUATE","{""route"":""SOURCE_CORRECTION""}","","/demo-source/exercises/payment-routing/{memberId}","isolated-fixture","Amounts must use whole baisa."
"payment-routing","payment","source-outage","HTTP source unavailable","M011","2026-10-06","UNABLE_TO_EVALUATE","{}","SOURCE_HTTP_ERROR","/demo-source/exercises/payment-routing/{memberId}","isolated-fixture","Fetch fails before graph execution."
"payment-routing","payment","invalid-number","Nonnumeric proposed amount","M012","2026-10-06","UNABLE_TO_EVALUATE","{}","INVALID_MAPPING_VALUE","/demo-source/exercises/payment-routing/{memberId}","isolated-fixture","Invalid source type must not become zero."
"readiness-boundaries","readiness","birthday","Complete on 60th birthday","M001","2026-10-06","READY_FOR_REVIEW","{}","","/demo-source/exercises/readiness-boundaries/{memberId}","isolated-fixture","DOB maps to age 60; readiness uses evidence checks."
"readiness-boundaries","readiness","dates","Joining dates disagree","M002","2026-10-06","NEEDS_VERIFICATION","{""reason"":""Joining dates differ between sources""}","","/demo-source/exercises/readiness-boundaries/{memberId}","isolated-fixture","Keep both source dates and request evidence."
"readiness-boundaries","readiness","missing","One mandatory document missing","M003","2026-10-06","NEEDS_VERIFICATION","{}","","/demo-source/exercises/readiness-boundaries/{memberId}","isolated-fixture","Do not proceed with incomplete evidence."
"readiness-boundaries","readiness","unverified","Service unverified","M004","2026-10-06","NEEDS_VERIFICATION","{}","","/demo-source/exercises/readiness-boundaries/{memberId}","isolated-fixture","Do not treat unverified months as verified."
"readiness-boundaries","readiness","missing-dob","DOB missing","M005","2026-10-06","UNABLE_TO_EVALUATE","{}","MISSING_REQUIRED_FIELD","/demo-source/exercises/readiness-boundaries/{memberId}","isolated-fixture","Required source data must be present."
"readiness-boundaries","readiness","invalid-date","Impossible calendar date","M006","2026-10-06","UNABLE_TO_EVALUATE","{}","INVALID_MAPPING_VALUE","/demo-source/exercises/readiness-boundaries/{memberId}","isolated-fixture","February 30 is rejected."
"readiness-boundaries","readiness","future-dob","DOB is tomorrow","M007","2026-10-06","UNABLE_TO_EVALUATE","{}","INVALID_MAPPING_VALUE","/demo-source/exercises/readiness-boundaries/{memberId}","isolated-fixture","Age transform rejects future DOB."
"readiness-boundaries","readiness","negative-count","Negative missing count","M008","2026-10-06","UNABLE_TO_EVALUATE","{}","","/demo-source/exercises/readiness-boundaries/{memberId}","isolated-fixture","A negative evidence count is invalid."
"readiness-boundaries","readiness","before-birthday","Day before 60th birthday","M009","2026-10-06","READY_FOR_REVIEW","{}","","/demo-source/exercises/readiness-boundaries/{memberId}","isolated-fixture","DOB maps to age 59. No statutory age rule is implied."
"readiness-boundaries","readiness","string-boolean","String instead of boolean","M010","2026-10-06","UNABLE_TO_EVALUATE","{}","INVALID_MAPPING_VALUE","/demo-source/exercises/readiness-boundaries/{memberId}","isolated-fixture","Literal true text cannot silently become boolean true."
"contribution-boundaries","contribution","matched","Matching receipt","M001","2026-10-06","CLEAR","{""differenceBaisa"":0}","","/demo-source/exercises/contribution-boundaries/{memberId}","isolated-fixture","120,000 expected equals 120,000 received."
"contribution-boundaries","contribution","under","OMR 30 shortfall","M002","2026-10-06","FINDING","{""differenceBaisa"":30000}","","/demo-source/exercises/contribution-boundaries/{memberId}","isolated-fixture","Expected less received is +30,000 baisa."
"contribution-boundaries","contribution","over","OMR 30 excess receipt","M003","2026-10-06","FINDING","{""differenceBaisa"":-30000}","","/demo-source/exercises/contribution-boundaries/{memberId}","isolated-fixture","Expected less received is −30,000 baisa."
"contribution-boundaries","contribution","zero","Both supplied amounts zero","M004","2026-10-06","CLEAR","{""differenceBaisa"":0}","","/demo-source/exercises/contribution-boundaries/{memberId}","isolated-fixture","Compares supplied amounts; this is not proof a period was due."
"contribution-boundaries","contribution","negative","Negative receipt","M005","2026-10-06","UNABLE_TO_EVALUATE","{}","","/demo-source/exercises/contribution-boundaries/{memberId}","isolated-fixture","Reject invalid input before a business finding."
"contribution-boundaries","contribution","missing","Expected amount missing","M006","2026-10-06","UNABLE_TO_EVALUATE","{}","MISSING_REQUIRED_FIELD","/demo-source/exercises/contribution-boundaries/{memberId}","isolated-fixture","Required value cannot be guessed."
"contribution-boundaries","contribution","fractional","Fractional baisa","M007","2026-10-06","UNABLE_TO_EVALUATE","{}","","/demo-source/exercises/contribution-boundaries/{memberId}","isolated-fixture","Use integer minor currency units."
"contribution-boundaries","contribution","outage","Source unavailable","M008","2026-10-06","UNABLE_TO_EVALUATE","{}","SOURCE_HTTP_ERROR","/demo-source/exercises/contribution-boundaries/{memberId}","isolated-fixture","No fabricated amount after HTTP failure."
"service-boundaries","service","clear","No supplied exception","M001","2026-10-06","CLEAR","{}","","/demo-source/exercises/service-boundaries/{memberId}","isolated-fixture","Zero overlap and unverified months; not statutory certification."
"service-boundaries","service","overlap","Three overlap months","M002","2026-10-06","FINDING","{}","","/demo-source/exercises/service-boundaries/{memberId}","isolated-fixture","Request employment-period evidence."
"service-boundaries","service","unverified","Six unverified months","M003","2026-10-06","FINDING","{}","","/demo-source/exercises/service-boundaries/{memberId}","isolated-fixture","Request service confirmation."
"service-boundaries","service","both","Overlap and unverified months","M004","2026-10-06","FINDING","{""reason"":""Overlap and unverified months both require investigation""}","","/demo-source/exercises/service-boundaries/{memberId}","isolated-fixture","Both investigation reasons should be visible."
"service-boundaries","service","negative","Negative overlap count","M005","2026-10-06","UNABLE_TO_EVALUATE","{}","","/demo-source/exercises/service-boundaries/{memberId}","isolated-fixture","Bad data must not appear clear."
"service-boundaries","service","missing","Verification count missing","M006","2026-10-06","UNABLE_TO_EVALUATE","{}","MISSING_REQUIRED_FIELD","/demo-source/exercises/service-boundaries/{memberId}","isolated-fixture","An empty service source is not a clean record."
"service-boundaries","service","fractional","Fractional month count","M007","2026-10-06","UNABLE_TO_EVALUATE","{}","","/demo-source/exercises/service-boundaries/{memberId}","isolated-fixture","This particular configured contract requires whole months."
"service-boundaries","service","outage","Source unavailable","M008","2026-10-06","UNABLE_TO_EVALUATE","{}","SOURCE_HTTP_ERROR","/demo-source/exercises/service-boundaries/{memberId}","isolated-fixture","Retrieve fresh facts after source recovery."
"readiness-post-v2","readiness","ready","Ahmed complete record","M001","2026-10-06","READY_FOR_REVIEW","{}","","/demo-source/v2/lookup","stored-members","Ahmed complete record"
"readiness-post-v2","readiness","conflict","Salim conflicting joining dates","M002","2026-10-06","NEEDS_VERIFICATION","{}","","/demo-source/v2/lookup","stored-members","Salim conflicting joining dates"
"readiness-post-v2","readiness","missing","Maryam missing confirmation","M003","2026-10-06","NEEDS_VERIFICATION","{}","","/demo-source/v2/lookup","stored-members","Maryam missing confirmation"
"readiness-post-v2","readiness","unavailable","Khalid source unavailable","M004","2026-10-06","UNABLE_TO_EVALUATE","{}","SOURCE_HTTP_ERROR","/demo-source/v2/lookup","stored-members","Khalid source unavailable"
